[{"model": "auth.permission", "pk": 1, "fields": {"name": "Can add log entry", "content_type": 1, "codename": "add_logentry"}}, {"model": "auth.permission", "pk": 2, "fields": {"name": "Can change log entry", "content_type": 1, "codename": "change_logentry"}}, {"model": "auth.permission", "pk": 3, "fields": {"name": "Can delete log entry", "content_type": 1, "codename": "delete_logentry"}}, {"model": "auth.permission", "pk": 4, "fields": {"name": "Can view log entry", "content_type": 1, "codename": "view_logentry"}}, {"model": "auth.permission", "pk": 5, "fields": {"name": "Can add permission", "content_type": 2, "codename": "add_permission"}}, {"model": "auth.permission", "pk": 6, "fields": {"name": "Can change permission", "content_type": 2, "codename": "change_permission"}}, {"model": "auth.permission", "pk": 7, "fields": {"name": "Can delete permission", "content_type": 2, "codename": "delete_permission"}}, {"model": "auth.permission", "pk": 8, "fields": {"name": "Can view permission", "content_type": 2, "codename": "view_permission"}}, {"model": "auth.permission", "pk": 9, "fields": {"name": "Can add group", "content_type": 3, "codename": "add_group"}}, {"model": "auth.permission", "pk": 10, "fields": {"name": "Can change group", "content_type": 3, "codename": "change_group"}}, {"model": "auth.permission", "pk": 11, "fields": {"name": "Can delete group", "content_type": 3, "codename": "delete_group"}}, {"model": "auth.permission", "pk": 12, "fields": {"name": "Can view group", "content_type": 3, "codename": "view_group"}}, {"model": "auth.permission", "pk": 13, "fields": {"name": "Can add user", "content_type": 4, "codename": "add_user"}}, {"model": "auth.permission", "pk": 14, "fields": {"name": "Can change user", "content_type": 4, "codename": "change_user"}}, {"model": "auth.permission", "pk": 15, "fields": {"name": "Can delete user", "content_type": 4, "codename": "delete_user"}}, {"model": "auth.permission", "pk": 16, "fields": {"name": "Can view user", "content_type": 4, "codename": "view_user"}}, {"model": "auth.permission", "pk": 17, "fields": {"name": "Can add content type", "content_type": 5, "codename": "add_contenttype"}}, {"model": "auth.permission", "pk": 18, "fields": {"name": "Can change content type", "content_type": 5, "codename": "change_contenttype"}}, {"model": "auth.permission", "pk": 19, "fields": {"name": "Can delete content type", "content_type": 5, "codename": "delete_contenttype"}}, {"model": "auth.permission", "pk": 20, "fields": {"name": "Can view content type", "content_type": 5, "codename": "view_contenttype"}}, {"model": "auth.permission", "pk": 21, "fields": {"name": "Can add session", "content_type": 6, "codename": "add_session"}}, {"model": "auth.permission", "pk": 22, "fields": {"name": "Can change session", "content_type": 6, "codename": "change_session"}}, {"model": "auth.permission", "pk": 23, "fields": {"name": "Can delete session", "content_type": 6, "codename": "delete_session"}}, {"model": "auth.permission", "pk": 24, "fields": {"name": "Can view session", "content_type": 6, "codename": "view_session"}}, {"model": "auth.permission", "pk": 25, "fields": {"name": "Can add atac quant", "content_type": 7, "codename": "add_atacquant"}}, {"model": "auth.permission", "pk": 26, "fields": {"name": "Can change atac quant", "content_type": 7, "codename": "change_atacquant"}}, {"model": "auth.permission", "pk": 27, "fields": {"name": "Can delete atac quant", "content_type": 7, "codename": "delete_atacquant"}}, {"model": "auth.permission", "pk": 28, "fields": {"name": "Can view atac quant", "content_type": 7, "codename": "view_atacquant"}}, {"model": "auth.permission", "pk": 29, "fields": {"name": "Can add cell", "content_type": 8, "codename": "add_cell"}}, {"model": "auth.permission", "pk": 30, "fields": {"name": "Can change cell", "content_type": 8, "codename": "change_cell"}}, {"model": "auth.permission", "pk": 31, "fields": {"name": "Can delete cell", "content_type": 8, "codename": "delete_cell"}}, {"model": "auth.permission", "pk": 32, "fields": {"name": "Can view cell", "content_type": 8, "codename": "view_cell"}}, {"model": "auth.permission", "pk": 33, "fields": {"name": "Can add cluster", "content_type": 9, "codename": "add_cluster"}}, {"model": "auth.permission", "pk": 34, "fields": {"name": "Can change cluster", "content_type": 9, "codename": "change_cluster"}}, {"model": "auth.permission", "pk": 35, "fields": {"name": "Can delete cluster", "content_type": 9, "codename": "delete_cluster"}}, {"model": "auth.permission", "pk": 36, "fields": {"name": "Can view cluster", "content_type": 9, "codename": "view_cluster"}}, {"model": "auth.permission", "pk": 37, "fields": {"name": "Can add codex quant", "content_type": 10, "codename": "add_codexquant"}}, {"model": "auth.permission", "pk": 38, "fields": {"name": "Can change codex quant", "content_type": 10, "codename": "change_codexquant"}}, {"model": "auth.permission", "pk": 39, "fields": {"name": "Can delete codex quant", "content_type": 10, "codename": "delete_codexquant"}}, {"model": "auth.permission", "pk": 40, "fields": {"name": "Can view codex quant", "content_type": 10, "codename": "view_codexquant"}}, {"model": "auth.permission", "pk": 41, "fields": {"name": "Can add dataset", "content_type": 11, "codename": "add_dataset"}}, {"model": "auth.permission", "pk": 42, "fields": {"name": "Can change dataset", "content_type": 11, "codename": "change_dataset"}}, {"model": "auth.permission", "pk": 43, "fields": {"name": "Can delete dataset", "content_type": 11, "codename": "delete_dataset"}}, {"model": "auth.permission", "pk": 44, "fields": {"name": "Can view dataset", "content_type": 11, "codename": "view_dataset"}}, {"model": "auth.permission", "pk": 45, "fields": {"name": "Can add gene", "content_type": 12, "codename": "add_gene"}}, {"model": "auth.permission", "pk": 46, "fields": {"name": "Can change gene", "content_type": 12, "codename": "change_gene"}}, {"model": "auth.permission", "pk": 47, "fields": {"name": "Can delete gene", "content_type": 12, "codename": "delete_gene"}}, {"model": "auth.permission", "pk": 48, "fields": {"name": "Can view gene", "content_type": 12, "codename": "view_gene"}}, {"model": "auth.permission", "pk": 49, "fields": {"name": "Can add modality", "content_type": 13, "codename": "add_modality"}}, {"model": "auth.permission", "pk": 50, "fields": {"name": "Can change modality", "content_type": 13, "codename": "change_modality"}}, {"model": "auth.permission", "pk": 51, "fields": {"name": "Can delete modality", "content_type": 13, "codename": "delete_modality"}}, {"model": "auth.permission", "pk": 52, "fields": {"name": "Can view modality", "content_type": 13, "codename": "view_modality"}}, {"model": "auth.permission", "pk": 53, "fields": {"name": "Can add organ", "content_type": 14, "codename": "add_organ"}}, {"model": "auth.permission", "pk": 54, "fields": {"name": "Can change organ", "content_type": 14, "codename": "change_organ"}}, {"model": "auth.permission", "pk": 55, "fields": {"name": "Can delete organ", "content_type": 14, "codename": "delete_organ"}}, {"model": "auth.permission", "pk": 56, "fields": {"name": "Can view organ", "content_type": 14, "codename": "view_organ"}}, {"model": "auth.permission", "pk": 57, "fields": {"name": "Can add protein", "content_type": 15, "codename": "add_protein"}}, {"model": "auth.permission", "pk": 58, "fields": {"name": "Can change protein", "content_type": 15, "codename": "change_protein"}}, {"model": "auth.permission", "pk": 59, "fields": {"name": "Can delete protein", "content_type": 15, "codename": "delete_protein"}}, {"model": "auth.permission", "pk": 60, "fields": {"name": "Can view protein", "content_type": 15, "codename": "view_protein"}}, {"model": "auth.permission", "pk": 61, "fields": {"name": "Can add rna quant", "content_type": 16, "codename": "add_rnaquant"}}, {"model": "auth.permission", "pk": 62, "fields": {"name": "Can change rna quant", "content_type": 16, "codename": "change_rnaquant"}}, {"model": "auth.permission", "pk": 63, "fields": {"name": "Can delete rna quant", "content_type": 16, "codename": "delete_rnaquant"}}, {"model": "auth.permission", "pk": 64, "fields": {"name": "Can view rna quant", "content_type": 16, "codename": "view_rnaquant"}}, {"model": "auth.permission", "pk": 65, "fields": {"name": "Can add p val", "content_type": 17, "codename": "add_pval"}}, {"model": "auth.permission", "pk": 66, "fields": {"name": "Can change p val", "content_type": 17, "codename": "change_pval"}}, {"model": "auth.permission", "pk": 67, "fields": {"name": "Can delete p val", "content_type": 17, "codename": "delete_pval"}}, {"model": "auth.permission", "pk": 68, "fields": {"name": "Can view p val", "content_type": 17, "codename": "view_pval"}}, {"model": "auth.permission", "pk": 69, "fields": {"name": "Can add stat report", "content_type": 18, "codename": "add_statreport"}}, {"model": "auth.permission", "pk": 70, "fields": {"name": "Can change stat report", "content_type": 18, "codename": "change_statreport"}}, {"model": "auth.permission", "pk": 71, "fields": {"name": "Can delete stat report", "content_type": 18, "codename": "delete_statreport"}}, {"model": "auth.permission", "pk": 72, "fields": {"name": "Can view stat report", "content_type": 18, "codename": "view_statreport"}}, {"model": "contenttypes.contenttype", "pk": 1, "fields": {"app_label": "admin", "model": "logentry"}}, {"model": "contenttypes.contenttype", "pk": 2, "fields": {"app_label": "auth", "model": "permission"}}, {"model": "contenttypes.contenttype", "pk": 3, "fields": {"app_label": "auth", "model": "group"}}, {"model": "contenttypes.contenttype", "pk": 4, "fields": {"app_label": "auth", "model": "user"}}, {"model": "contenttypes.contenttype", "pk": 5, "fields": {"app_label": "contenttypes", "model": "contenttype"}}, {"model": "contenttypes.contenttype", "pk": 6, "fields": {"app_label": "sessions", "model": "session"}}, {"model": "contenttypes.contenttype", "pk": 7, "fields": {"app_label": "query_app", "model": "atacquant"}}, {"model": "contenttypes.contenttype", "pk": 8, "fields": {"app_label": "query_app", "model": "cell"}}, {"model": "contenttypes.contenttype", "pk": 9, "fields": {"app_label": "query_app", "model": "cluster"}}, {"model": "contenttypes.contenttype", "pk": 10, "fields": {"app_label": "query_app", "model": "codexquant"}}, {"model": "contenttypes.contenttype", "pk": 11, "fields": {"app_label": "query_app", "model": "dataset"}}, {"model": "contenttypes.contenttype", "pk": 12, "fields": {"app_label": "query_app", "model": "gene"}}, {"model": "contenttypes.contenttype", "pk": 13, "fields": {"app_label": "query_app", "model": "modality"}}, {"model": "contenttypes.contenttype", "pk": 14, "fields": {"app_label": "query_app", "model": "organ"}}, {"model": "contenttypes.contenttype", "pk": 15, "fields": {"app_label": "query_app", "model": "protein"}}, {"model": "contenttypes.contenttype", "pk": 16, "fields": {"app_label": "query_app", "model": "rnaquant"}}, {"model": "contenttypes.contenttype", "pk": 17, "fields": {"app_label": "query_app", "model": "pval"}}, {"model": "contenttypes.contenttype", "pk": 18, "fields": {"app_label": "query_app", "model": "statreport"}}, {"model": "query_app.modality", "pk": 22, "fields": {"modality_name": "atac"}}, {"model": "query_app.modality", "pk": 33, "fields": {"modality_name": "codex"}}, {"model": "query_app.modality", "pk": 34, "fields": {"modality_name": "rna"}}, {"model": "query_app.dataset", "pk": 22, "fields": {"grouping_name": null, "uuid": "d4493657cde29702c5ed73932da5317c", "annotation_metadata":{"is_annotated": false}, "modality": 22}}, {"model": "query_app.dataset", "pk": 33, "fields": {"grouping_name": null, "uuid": "08e2ec17af557e638b5ffed2c162868f", "annotation_metadata":{"is_annotated": false}, "modality": 33}}, {"model": "query_app.dataset", "pk": 34, "fields": {"grouping_name": null, "uuid": "0576b972e074074b4c51a61c3d17a6e3", "annotation_metadata":{"is_annotated": false}, "modality": 34}}, {"model": "query_app.organ", "pk": 1, "fields": {"grouping_name": "Heart"}}, {"model": "query_app.organ", "pk": 2, "fields": {"grouping_name": "Lymph Node"}}, {"model": "query_app.organ", "pk": 3, "fields": {"grouping_name": "Spleen"}}, {"model": "query_app.cluster", "pk": 1, "fields": {"grouping_name": "leiden-UMAP-allrna-12", "cluster_method": "leiden", "cluster_data": "UMAP", "dataset": null}}, {"model": "query_app.cluster", "pk": 2, "fields": {"grouping_name": "leiden-UMAP-allrna-26", "cluster_method": "leiden", "cluster_data": "UMAP", "dataset": null}}, {"model": "query_app.cluster", "pk": 3, "fields": {"grouping_name": "leiden-UMAP-allrna-11", "cluster_method": "leiden", "cluster_data": "UMAP", "dataset": null}}, {"model": "query_app.cluster", "pk": 4, "fields": {"grouping_name": "leiden-UMAP-allrna-5", "cluster_method": "leiden", "cluster_data": "UMAP", "dataset": null}}, {"model": "query_app.cluster", "pk": 5, "fields": {"grouping_name": "leiden-UMAP-allrna-21", "cluster_method": "leiden", "cluster_data": "UMAP", "dataset": null}}, {"model": "query_app.cluster", "pk": 6, "fields": {"grouping_name": "leiden-UMAP-allrna-9", "cluster_method": "leiden", "cluster_data": "UMAP", "dataset": null}}, {"model": "query_app.cluster", "pk": 7, "fields": {"grouping_name": "leiden-UMAP-allrna-7", "cluster_method": "leiden", "cluster_data": "UMAP", "dataset": null}}, {"model": "query_app.cluster", "pk": 8, "fields": {"grouping_name": "leiden-UMAP-allrna-24", "cluster_method": "leiden", "cluster_data": "UMAP", "dataset": null}}, {"model": "query_app.cluster", "pk": 9, "fields": {"grouping_name": "leiden-UMAP-allrna-22", "cluster_method": "leiden", "cluster_data": "UMAP", "dataset": null}}, {"model": "query_app.cluster", "pk": 10, "fields": {"grouping_name": "leiden-UMAP-allrna-18", "cluster_method": "leiden", "cluster_data": "UMAP", "dataset": null}}, {"model": "query_app.cluster", "pk": 11, "fields": {"grouping_name": "leiden-UMAP-allrna-23", "cluster_method": "leiden", "cluster_data": "UMAP", "dataset": null}}, {"model": "query_app.cluster", "pk": 12, "fields": {"grouping_name": "leiden-UMAP-allrna-1", "cluster_method": "leiden", "cluster_data": "UMAP", "dataset": null}}, {"model": "query_app.cluster", "pk": 13, "fields": {"grouping_name": "leiden-UMAP-allrna-3", "cluster_method": "leiden", "cluster_data": "UMAP", "dataset": null}}, {"model": "query_app.cluster", "pk": 14, "fields": {"grouping_name": "leiden-UMAP-allrna-13", "cluster_method": "leiden", "cluster_data": "UMAP", "dataset": null}}, {"model": "query_app.cluster", "pk": 15, "fields": {"grouping_name": "leiden-UMAP-allrna-0", "cluster_method": "leiden", "cluster_data": "UMAP", "dataset": null}}, {"model": "query_app.cluster", "pk": 16, "fields": {"grouping_name": "leiden-UMAP-allrna-10", "cluster_method": "leiden", "cluster_data": "UMAP", "dataset": null}}, {"model": "query_app.cluster", "pk": 17, "fields": {"grouping_name": "leiden-UMAP-allrna-8", "cluster_method": "leiden", "cluster_data": "UMAP", "dataset": null}}, {"model": "query_app.cluster", "pk": 18, "fields": {"grouping_name": "leiden-UMAP-allrna-20", "cluster_method": "leiden", "cluster_data": "UMAP", "dataset": null}}, {"model": "query_app.cluster", "pk": 19, "fields": {"grouping_name": "leiden-UMAP-allrna-15", "cluster_method": "leiden", "cluster_data": "UMAP", "dataset": null}}, {"model": "query_app.cluster", "pk": 20, "fields": {"grouping_name": "leiden-UMAP-allrna-16", "cluster_method": "leiden", "cluster_data": "UMAP", "dataset": null}}, {"model": "query_app.cluster", "pk": 21, "fields": {"grouping_name": "leiden-UMAP-allrna-2", "cluster_method": "leiden", "cluster_data": "UMAP", "dataset": null}}, {"model": "query_app.cluster", "pk": 22, "fields": {"grouping_name": "leiden-UMAP-allrna-17", "cluster_method": "leiden", "cluster_data": "UMAP", "dataset": null}}, {"model": "query_app.cluster", "pk": 23, "fields": {"grouping_name": "leiden-UMAP-allrna-19", "cluster_method": "leiden", "cluster_data": "UMAP", "dataset": null}}, {"model": "query_app.cluster", "pk": 24, "fields": {"grouping_name": "leiden-UMAP-allrna-4", "cluster_method": "leiden", "cluster_data": "UMAP", "dataset": null}}, {"model": "query_app.cluster", "pk": 25, "fields": {"grouping_name": "leiden-UMAP-allrna-25", "cluster_method": "leiden", "cluster_data": "UMAP", "dataset": null}}, {"model": "query_app.cluster", "pk": 26, "fields": {"grouping_name": "leiden-UMAP-allrna-6", "cluster_method": "leiden", "cluster_data": "UMAP", "dataset": null}}, {"model": "query_app.cluster", "pk": 27, "fields": {"grouping_name": "leiden-UMAP-allrna-14", "cluster_method": "leiden", "cluster_data": "UMAP", "dataset": null}}, {"model": "query_app.cluster", "pk": 28, "fields": {"grouping_name": "leiden-UMAP-allrna-27", "cluster_method": "leiden", "cluster_data": "UMAP", "dataset": null}}, {"model": "query_app.cluster", "pk": 29, "fields": {"grouping_name": "leiden-UMAP-d4493657cde29702c5ed73932da5317c-2", "cluster_method": "leiden", "cluster_data": "UMAP", "dataset": 22}}, {"model": "query_app.cluster", "pk": 30, "fields": {"grouping_name": "leiden-UMAP-d4493657cde29702c5ed73932da5317c-12", "cluster_method": "leiden", "cluster_data": "UMAP", "dataset": 22}}, {"model": "query_app.cluster", "pk": 31, "fields": {"grouping_name": "leiden-UMAP-d4493657cde29702c5ed73932da5317c-13", "cluster_method": "leiden", "cluster_data": "UMAP", "dataset": 22}}, {"model": "query_app.cluster", "pk": 32, "fields": {"grouping_name": "leiden-UMAP-d4493657cde29702c5ed73932da5317c-18", "cluster_method": "leiden", "cluster_data": "UMAP", "dataset": 22}}, {"model": "query_app.cluster", "pk": 33, "fields": {"grouping_name": "leiden-UMAP-d4493657cde29702c5ed73932da5317c-22", "cluster_method": "leiden", "cluster_data": "UMAP", "dataset": 22}}, {"model": "query_app.cluster", "pk": 34, "fields": {"grouping_name": "leiden-UMAP-d4493657cde29702c5ed73932da5317c-7", "cluster_method": "leiden", "cluster_data": "UMAP", "dataset": 22}}, {"model": "query_app.cluster", "pk": 35, "fields": {"grouping_name": "leiden-UMAP-d4493657cde29702c5ed73932da5317c-16", "cluster_method": "leiden", "cluster_data": "UMAP", "dataset": 22}}, {"model": "query_app.cluster", "pk": 36, "fields": {"grouping_name": "leiden-UMAP-d4493657cde29702c5ed73932da5317c-21", "cluster_method": "leiden", "cluster_data": "UMAP", "dataset": 22}}, {"model": "query_app.cluster", "pk": 37, "fields": {"grouping_name": "leiden-UMAP-d4493657cde29702c5ed73932da5317c-19", "cluster_method": "leiden", "cluster_data": "UMAP", "dataset": 22}}, {"model": "query_app.cluster", "pk": 38, "fields": {"grouping_name": "leiden-UMAP-d4493657cde29702c5ed73932da5317c-1", "cluster_method": "leiden", "cluster_data": "UMAP", "dataset": 22}}, {"model": "query_app.cluster", "pk": 39, "fields": {"grouping_name": "leiden-UMAP-d4493657cde29702c5ed73932da5317c-4", "cluster_method": "leiden", "cluster_data": "UMAP", "dataset": 22}}, {"model": "query_app.cluster", "pk": 40, "fields": {"grouping_name": "leiden-UMAP-d4493657cde29702c5ed73932da5317c-6", "cluster_method": "leiden", "cluster_data": "UMAP", "dataset": 22}}, {"model": "query_app.cluster", "pk": 41, "fields": {"grouping_name": "leiden-UMAP-d4493657cde29702c5ed73932da5317c-20", "cluster_method": "leiden", "cluster_data": "UMAP", "dataset": 22}}, {"model": "query_app.cluster", "pk": 42, "fields": {"grouping_name": "leiden-UMAP-d4493657cde29702c5ed73932da5317c-17", "cluster_method": "leiden", "cluster_data": "UMAP", "dataset": 22}}, {"model": "query_app.cluster", "pk": 43, "fields": {"grouping_name": "leiden-UMAP-d4493657cde29702c5ed73932da5317c-3", "cluster_method": "leiden", "cluster_data": "UMAP", "dataset": 22}}, {"model": "query_app.cluster", "pk": 44, "fields": {"grouping_name": "leiden-UMAP-d4493657cde29702c5ed73932da5317c-15", "cluster_method": "leiden", "cluster_data": "UMAP", "dataset": 22}}, {"model": "query_app.cluster", "pk": 45, "fields": {"grouping_name": "leiden-UMAP-d4493657cde29702c5ed73932da5317c-11", "cluster_method": "leiden", "cluster_data": "UMAP", "dataset": 22}}, {"model": "query_app.cluster", "pk": 46, "fields": {"grouping_name": "leiden-UMAP-d4493657cde29702c5ed73932da5317c-8", "cluster_method": "leiden", "cluster_data": "UMAP", "dataset": 22}}, {"model": "query_app.cluster", "pk": 47, "fields": {"grouping_name": "leiden-UMAP-d4493657cde29702c5ed73932da5317c-14", "cluster_method": "leiden", "cluster_data": "UMAP", "dataset": 22}}, {"model": "query_app.cluster", "pk": 48, "fields": {"grouping_name": "leiden-UMAP-d4493657cde29702c5ed73932da5317c-9", "cluster_method": "leiden", "cluster_data": "UMAP", "dataset": 22}}, {"model": "query_app.cluster", "pk": 49, "fields": {"grouping_name": "leiden-UMAP-d4493657cde29702c5ed73932da5317c-5", "cluster_method": "leiden", "cluster_data": "UMAP", "dataset": 22}}, {"model": "query_app.cluster", "pk": 50, "fields": {"grouping_name": "leiden-UMAP-d4493657cde29702c5ed73932da5317c-10", "cluster_method": "leiden", "cluster_data": "UMAP", "dataset": 22}}, {"model": "query_app.cluster", "pk": 51, "fields": {"grouping_name": "leiden-UMAP-d4493657cde29702c5ed73932da5317c-23", "cluster_method": "leiden", "cluster_data": "UMAP", "dataset": 22}}, {"model": "query_app.cluster", "pk": 52, "fields": {"grouping_name": "leiden-UMAP-e923d09c0f0b7a0da4d53695e1b167f6-7", "cluster_method": "leiden", "cluster_data": "UMAP", "dataset": null}}, {"model": "query_app.cluster", "pk": 53, "fields": {"grouping_name": "leiden-UMAP-e923d09c0f0b7a0da4d53695e1b167f6-1", "cluster_method": "leiden", "cluster_data": "UMAP", "dataset": null}}, {"model": "query_app.cluster", "pk": 54, "fields": {"grouping_name": "leiden-UMAP-e923d09c0f0b7a0da4d53695e1b167f6-6", "cluster_method": "leiden", "cluster_data": "UMAP", "dataset": null}}, {"model": "query_app.cluster", "pk": 55, "fields": {"grouping_name": "leiden-UMAP-e923d09c0f0b7a0da4d53695e1b167f6-2", "cluster_method": "leiden", "cluster_data": "UMAP", "dataset": null}}, {"model": "query_app.cluster", "pk": 56, "fields": {"grouping_name": "leiden-UMAP-e923d09c0f0b7a0da4d53695e1b167f6-10", "cluster_method": "leiden", "cluster_data": "UMAP", "dataset": null}}, {"model": "query_app.cluster", "pk": 57, "fields": {"grouping_name": "leiden-UMAP-e923d09c0f0b7a0da4d53695e1b167f6-17", "cluster_method": "leiden", "cluster_data": "UMAP", "dataset": null}}, {"model": "query_app.cluster", "pk": 58, "fields": {"grouping_name": "leiden-UMAP-e923d09c0f0b7a0da4d53695e1b167f6-8", "cluster_method": "leiden", "cluster_data": "UMAP", "dataset": null}}, {"model": "query_app.cluster", "pk": 59, "fields": {"grouping_name": "leiden-UMAP-e923d09c0f0b7a0da4d53695e1b167f6-12", "cluster_method": "leiden", "cluster_data": "UMAP", "dataset": null}}, {"model": "query_app.cluster", "pk": 60, "fields": {"grouping_name": "leiden-UMAP-e923d09c0f0b7a0da4d53695e1b167f6-9", "cluster_method": "leiden", "cluster_data": "UMAP", "dataset": null}}, {"model": "query_app.cluster", "pk": 61, "fields": {"grouping_name": "leiden-UMAP-e923d09c0f0b7a0da4d53695e1b167f6-15", "cluster_method": "leiden", "cluster_data": "UMAP", "dataset": null}}, {"model": "query_app.cluster", "pk": 62, "fields": {"grouping_name": "leiden-UMAP-e923d09c0f0b7a0da4d53695e1b167f6-3", "cluster_method": "leiden", "cluster_data": "UMAP", "dataset": null}}, {"model": "query_app.cluster", "pk": 63, "fields": {"grouping_name": "leiden-UMAP-e923d09c0f0b7a0da4d53695e1b167f6-4", "cluster_method": "leiden", "cluster_data": "UMAP", "dataset": null}}, {"model": "query_app.cluster", "pk": 64, "fields": {"grouping_name": "leiden-UMAP-e923d09c0f0b7a0da4d53695e1b167f6-16", "cluster_method": "leiden", "cluster_data": "UMAP", "dataset": null}}, {"model": "query_app.cluster", "pk": 65, "fields": {"grouping_name": "leiden-UMAP-e923d09c0f0b7a0da4d53695e1b167f6-13", "cluster_method": "leiden", "cluster_data": "UMAP", "dataset": null}}, {"model": "query_app.cluster", "pk": 66, "fields": {"grouping_name": "leiden-UMAP-e923d09c0f0b7a0da4d53695e1b167f6-5", "cluster_method": "leiden", "cluster_data": "UMAP", "dataset": null}}, {"model": "query_app.cluster", "pk": 67, "fields": {"grouping_name": "leiden-UMAP-e923d09c0f0b7a0da4d53695e1b167f6-11", "cluster_method": "leiden", "cluster_data": "UMAP", "dataset": null}}, {"model": "query_app.cluster", "pk": 68, "fields": {"grouping_name": "leiden-UMAP-e923d09c0f0b7a0da4d53695e1b167f6-14", "cluster_method": "leiden", "cluster_data": "UMAP", "dataset": null}}, {"model": "query_app.cluster", "pk": 69, "fields": {"grouping_name": "leiden-UMAP-e923d09c0f0b7a0da4d53695e1b167f6-18", "cluster_method": "leiden", "cluster_data": "UMAP", "dataset": null}}, {"model": "query_app.cell", "pk": 181, "fields": {"cell_id": "d4493657cde29702c5ed73932da5317c-AACGGTTGGTAAGATCAGTTGCTAAGTAACATCATCAACG", "modality": 22, "dataset": 22, "barcode": null, "tile": null, "mask_index": null, "organ": 1, "clusters": []}}, {"model": "query_app.cell", "pk": 182, "fields": {"cell_id": "d4493657cde29702c5ed73932da5317c-AACGGTTGGTAAGATCAGTTGCTAAGTAACGCAAGGAATA", "modality": 22, "dataset": 22, "barcode": null, "tile": null, "mask_index": null, "organ": 1, "clusters": []}}, {"model": "query_app.cell", "pk": 183, "fields": {"cell_id": "d4493657cde29702c5ed73932da5317c-AACGGTTGGTAAGATCAGTTGCTAAGTAACTTAGCAATAA", "modality": 22, "dataset": 22, "barcode": null, "tile": null, "mask_index": null, "organ": 1, "clusters": []}}, {"model": "query_app.cell", "pk": 184, "fields": {"cell_id": "d4493657cde29702c5ed73932da5317c-AACGGTTGGTAATACCTGCCGCTAAGTAACACCTGGCCAA", "modality": 22, "dataset": 22, "barcode": null, "tile": null, "mask_index": null, "organ": 1, "clusters": []}}, {"model": "query_app.cell", "pk": 185, "fields": {"cell_id": "d4493657cde29702c5ed73932da5317c-AACGGTTGGTAATACCTGCCGCTAAGTAACACTTAACCTT", "modality": 22, "dataset": 22, "barcode": null, "tile": null, "mask_index": null, "organ": 1, "clusters": []}}, {"model": "query_app.cell", "pk": 186, "fields": {"cell_id": "d4493657cde29702c5ed73932da5317c-AACGGTTGGTAATACCTGCCGCTAAGTAACTGCGCCAGAA", "modality": 22, "dataset": 22, "barcode": null, "tile": null, "mask_index": null, "organ": 1, "clusters": []}}, {"model": "query_app.cell", "pk": 187, "fields": {"cell_id": "d4493657cde29702c5ed73932da5317c-AACGGTTGGTACGAGGAGCCGCTAAGTAACAAGACGGCCA", "modality": 22, "dataset": 22, "barcode": null, "tile": null, "mask_index": null, "organ": 1, "clusters": []}}, {"model": "query_app.cell", "pk": 188, "fields": {"cell_id": "d4493657cde29702c5ed73932da5317c-AACGGTTGGTACGAGGAGCCGCTAAGTAACAGAGAAGGTT", "modality": 22, "dataset": 22, "barcode": null, "tile": null, "mask_index": null, "organ": 1, "clusters": []}}, {"model": "query_app.cell", "pk": 189, "fields": {"cell_id": "d4493657cde29702c5ed73932da5317c-AACGGTTGGTACGAGGAGCCGCTAAGTAACCCGCGGCTCA", "modality": 22, "dataset": 22, "barcode": null, "tile": null, "mask_index": null, "organ": 1, "clusters": []}}, {"model": "query_app.cell", "pk": 190, "fields": {"cell_id": "d4493657cde29702c5ed73932da5317c-AACGGTTGGTACGAGGAGCCGCTAAGTAACCGATGGCGCC", "modality": 22, "dataset": 22, "barcode": null, "tile": null, "mask_index": null, "organ": 1, "clusters": []}}, {"model": "query_app.cell", "pk": 271, "fields": {"cell_id": "08e2ec17af557e638b5ffed2c162868f-R001_X004_Y009-1", "modality": 33, "dataset": 33, "barcode": null, "tile": null, "mask_index": null, "organ": 3, "clusters": []}}, {"model": "query_app.cell", "pk": 272, "fields": {"cell_id": "08e2ec17af557e638b5ffed2c162868f-R001_X004_Y009-2", "modality": 33, "dataset": 33, "barcode": null, "tile": null, "mask_index": null, "organ": 3, "clusters": []}}, {"model": "query_app.cell", "pk": 273, "fields": {"cell_id": "08e2ec17af557e638b5ffed2c162868f-R001_X004_Y009-3", "modality": 33, "dataset": 33, "barcode": null, "tile": null, "mask_index": null, "organ": 3, "clusters": []}}, {"model": "query_app.cell", "pk": 274, "fields": {"cell_id": "08e2ec17af557e638b5ffed2c162868f-R001_X004_Y009-4", "modality": 33, "dataset": 33, "barcode": null, "tile": null, "mask_index": null, "organ": 3, "clusters": []}}, {"model": "query_app.cell", "pk": 275, "fields": {"cell_id": "08e2ec17af557e638b5ffed2c162868f-R001_X004_Y009-5", "modality": 33, "dataset": 33, "barcode": null, "tile": null, "mask_index": null, "organ": 3, "clusters": []}}, {"model": "query_app.cell", "pk": 276, "fields": {"cell_id": "08e2ec17af557e638b5ffed2c162868f-R001_X004_Y009-6", "modality": 33, "dataset": 33, "barcode": null, "tile": null, "mask_index": null, "organ": 3, "clusters": []}}, {"model": "query_app.cell", "pk": 277, "fields": {"cell_id": "08e2ec17af557e638b5ffed2c162868f-R001_X004_Y009-7", "modality": 33, "dataset": 33, "barcode": null, "tile": null, "mask_index": null, "organ": 3, "clusters": []}}, {"model": "query_app.cell", "pk": 278, "fields": {"cell_id": "08e2ec17af557e638b5ffed2c162868f-R001_X004_Y009-8", "modality": 33, "dataset": 33, "barcode": null, "tile": null, "mask_index": null, "organ": 3, "clusters": []}}, {"model": "query_app.cell", "pk": 279, "fields": {"cell_id": "08e2ec17af557e638b5ffed2c162868f-R001_X004_Y009-9", "modality": 33, "dataset": 33, "barcode": null, "tile": null, "mask_index": null, "organ": 3, "clusters": []}}, {"model": "query_app.cell", "pk": 280, "fields": {"cell_id": "08e2ec17af557e638b5ffed2c162868f-R001_X004_Y009-10", "modality": 33, "dataset": 33, "barcode": null, "tile": null, "mask_index": null, "organ": 3, "clusters": []}}, {"model": "query_app.cell", "pk": 281, "fields": {"cell_id": "0576b972e074074b4c51a61c3d17a6e3-TCTTTGAGTAAGAACT", "modality": 34, "dataset": 34, "barcode": null, "tile": null, "mask_index": null, "organ": 2, "clusters": []}}, {"model": "query_app.cell", "pk": 282, "fields": {"cell_id": "0576b972e074074b4c51a61c3d17a6e3-GCACTAATCCTCAGAA", "modality": 34, "dataset": 34, "barcode": null, "tile": null, "mask_index": null, "organ": 2, "clusters": []}}, {"model": "query_app.cell", "pk": 283, "fields": {"cell_id": "0576b972e074074b4c51a61c3d17a6e3-TTTCAGTGTCTAGATC", "modality": 34, "dataset": 34, "barcode": null, "tile": null, "mask_index": null, "organ": 2, "clusters": []}}, {"model": "query_app.cell", "pk": 284, "fields": {"cell_id": "0576b972e074074b4c51a61c3d17a6e3-TGTCCACGTAACACGG", "modality": 34, "dataset": 34, "barcode": null, "tile": null, "mask_index": null, "organ": 2, "clusters": []}}, {"model": "query_app.cell", "pk": 285, "fields": {"cell_id": "0576b972e074074b4c51a61c3d17a6e3-ATGGAGGTCCGCGAGT", "modality": 34, "dataset": 34, "barcode": null, "tile": null, "mask_index": null, "organ": 2, "clusters": []}}, {"model": "query_app.cell", "pk": 286, "fields": {"cell_id": "0576b972e074074b4c51a61c3d17a6e3-AATGGCTTCTCGACGG", "modality": 34, "dataset": 34, "barcode": null, "tile": null, "mask_index": null, "organ": 2, "clusters": []}}, {"model": "query_app.cell", "pk": 287, "fields": {"cell_id": "0576b972e074074b4c51a61c3d17a6e3-GTATTTCTCTCAGAAC", "modality": 34, "dataset": 34, "barcode": null, "tile": null, "mask_index": null, "organ": 2, "clusters": []}}, {"model": "query_app.cell", "pk": 288, "fields": {"cell_id": "0576b972e074074b4c51a61c3d17a6e3-AGCTACACATTGTAGC", "modality": 34, "dataset": 34, "barcode": null, "tile": null, "mask_index": null, "organ": 2, "clusters": []}}, {"model": "query_app.cell", "pk": 289, "fields": {"cell_id": "0576b972e074074b4c51a61c3d17a6e3-AGAAGTACACTGCACG", "modality": 34, "dataset": 34, "barcode": null, "tile": null, "mask_index": null, "organ": 2, "clusters": []}}, {"model": "query_app.cell", "pk": 290, "fields": {"cell_id": "0576b972e074074b4c51a61c3d17a6e3-GACGCTGTCATGAGGG", "modality": 34, "dataset": 34, "barcode": null, "tile": null, "mask_index": null, "organ": 2, "clusters": []}}, {"model": "query_app.cell", "pk": 338, "fields": {"cell_id": "0576b972e074074b4c51a61c3d17a6e3-TCTTTGAGTAAGAACT", "modality": 34, "dataset": 34, "barcode": null, "tile": null, "mask_index": null, "organ": 2, "clusters": []}}, {"model": "query_app.cell", "pk": 339, "fields": {"cell_id": "0576b972e074074b4c51a61c3d17a6e3-GCACTAATCCTCAGAA", "modality": 34, "dataset": 34, "barcode": null, "tile": null, "mask_index": null, "organ": 2, "clusters": []}}, {"model": "query_app.cell", "pk": 340, "fields": {"cell_id": "0576b972e074074b4c51a61c3d17a6e3-TTTCAGTGTCTAGATC", "modality": 34, "dataset": 34, "barcode": null, "tile": null, "mask_index": null, "organ": 2, "clusters": []}}, {"model": "query_app.cell", "pk": 341, "fields": {"cell_id": "0576b972e074074b4c51a61c3d17a6e3-TGTCCACGTAACACGG", "modality": 34, "dataset": 34, "barcode": null, "tile": null, "mask_index": null, "organ": 2, "clusters": []}}, {"model": "query_app.cell", "pk": 342, "fields": {"cell_id": "0576b972e074074b4c51a61c3d17a6e3-ATGGAGGTCCGCGAGT", "modality": 34, "dataset": 34, "barcode": null, "tile": null, "mask_index": null, "organ": 2, "clusters": []}}, {"model": "query_app.cell", "pk": 343, "fields": {"cell_id": "0576b972e074074b4c51a61c3d17a6e3-AATGGCTTCTCGACGG", "modality": 34, "dataset": 34, "barcode": null, "tile": null, "mask_index": null, "organ": 2, "clusters": []}}, {"model": "query_app.cell", "pk": 344, "fields": {"cell_id": "0576b972e074074b4c51a61c3d17a6e3-GTATTTCTCTCAGAAC", "modality": 34, "dataset": 34, "barcode": null, "tile": null, "mask_index": null, "organ": 2, "clusters": []}}, {"model": "query_app.cell", "pk": 345, "fields": {"cell_id": "0576b972e074074b4c51a61c3d17a6e3-AGCTACACATTGTAGC", "modality": 34, "dataset": 34, "barcode": null, "tile": null, "mask_index": null, "organ": 2, "clusters": []}}, {"model": "query_app.cell", "pk": 346, "fields": {"cell_id": "0576b972e074074b4c51a61c3d17a6e3-AGAAGTACACTGCACG", "modality": 34, "dataset": 34, "barcode": null, "tile": null, "mask_index": null, "organ": 2, "clusters": []}}, {"model": "query_app.cell", "pk": 347, "fields": {"cell_id": "0576b972e074074b4c51a61c3d17a6e3-GACGCTGTCATGAGGG", "modality": 34, "dataset": 34, "barcode": null, "tile": null, "mask_index": null, "organ": 2, "clusters": []}}, {"model": "query_app.gene", "pk": 1, "fields": {"gene_symbol": "TSPAN6", "go_terms": null}}, {"model": "query_app.gene", "pk": 2, "fields": {"gene_symbol": "TNMD", "go_terms": null}}, {"model": "query_app.gene", "pk": 3, "fields": {"gene_symbol": "DPM1", "go_terms": null}}, {"model": "query_app.gene", "pk": 4, "fields": {"gene_symbol": "SCYL3", "go_terms": null}}, {"model": "query_app.gene", "pk": 5, "fields": {"gene_symbol": "C1orf112", "go_terms": null}}, {"model": "query_app.gene", "pk": 6, "fields": {"gene_symbol": "FGR", "go_terms": null}}, {"model": "query_app.gene", "pk": 7, "fields": {"gene_symbol": "CFH", "go_terms": null}}, {"model": "query_app.gene", "pk": 8, "fields": {"gene_symbol": "FUCA2", "go_terms": null}}, {"model": "query_app.gene", "pk": 9, "fields": {"gene_symbol": "GCLC", "go_terms": null}}, {"model": "query_app.gene", "pk": 10, "fields": {"gene_symbol": "NFYA", "go_terms": null}}, {"model": "query_app.gene", "pk": 776, "fields": {"gene_symbol": "ACAA1", "go_terms": null}}, {"model": "query_app.gene", "pk": 1005, "fields": {"gene_symbol": "ACTB", "go_terms": null}}, {"model": "query_app.gene", "pk": 1091, "fields": {"gene_symbol": "ABI3", "go_terms": null}}, {"model": "query_app.gene", "pk": 1253, "fields": {"gene_symbol": "ACP5", "go_terms": null}}, {"model": "query_app.gene", "pk": 1280, "fields": {"gene_symbol": "ABHD17A", "go_terms": null}}, {"model": "query_app.gene", "pk": 1300, "fields": {"gene_symbol": "ACAP2", "go_terms": null}}, {"model": "query_app.gene", "pk": 1372, "fields": {"gene_symbol": "ACIN1", "go_terms": null}}, {"model": "query_app.gene", "pk": 1585, "fields": {"gene_symbol": "ACSBG1", "go_terms": null}}, {"model": "query_app.gene", "pk": 1597, "fields": {"gene_symbol": "ACAT1", "go_terms": null}}, {"model": "query_app.gene", "pk": 1658, "fields": {"gene_symbol": "ABL1", "go_terms": null}}, {"model": "query_app.protein", "pk": 1, "fields": {"protein_id": "CD107a", "go_terms": null}}, {"model": "query_app.protein", "pk": 2, "fields": {"protein_id": "CD11c", "go_terms": null}}, {"model": "query_app.protein", "pk": 3, "fields": {"protein_id": "CD20", "go_terms": null}}, {"model": "query_app.protein", "pk": 4, "fields": {"protein_id": "CD21", "go_terms": null}}, {"model": "query_app.protein", "pk": 5, "fields": {"protein_id": "CD3e", "go_terms": null}}, {"model": "query_app.protein", "pk": 6, "fields": {"protein_id": "CD4", "go_terms": null}}, {"model": "query_app.protein", "pk": 7, "fields": {"protein_id": "CD45RO", "go_terms": null}}, {"model": "query_app.protein", "pk": 8, "fields": {"protein_id": "CD8", "go_terms": null}}, {"model": "query_app.protein", "pk": 9, "fields": {"protein_id": "E-CAD", "go_terms": null}}, {"model": "query_app.protein", "pk": 10, "fields": {"protein_id": "Ki67", "go_terms": null}}]
